period,init_date,expiry_date,spot0,strike,premium_pct,settle,premium_income,option_pnl,hedge_pnl,n_switches,period_pnl,equity
2020-09-01_2020-10-02,2020-09-01,2020-10-02,24.049999237060547,24.0,4.864865019193241,23.989999771118164,2.3899992370605467,2.379999008178711,-3.460000991821289,4,-1.0800019836425783,-1.0800019836425783
2020-10-05_2020-10-30,2020-10-05,2020-10-30,24.450000762939453,24.5,4.744376130074776,21.450000762939453,2.3699992370605467,-0.6800000000000002,0.5999984741210938,1,-0.08000152587890641,-1.1600035095214847
2020-11-02_2020-11-27,2020-11-02,2020-11-27,21.899999618530273,22.0,5.479452150239503,28.459999084472656,2.5000003814697265,-3.9599987030029298,1.9200000762939453,1,-2.0399986267089845,-3.200002136230469
2020-12-28_2021-01-22,2020-12-28,2021-01-22,29.93000030517578,30.0,4.310056755251422,31.899999618530273,2.649999694824219,0.7500000762939454,1.9699993133544922,0,2.7199993896484376,-0.48000274658203157
2021-01-25_2021-02-19,2021-01-25,2021-02-19,32.2400016784668,32.0,3.6290320691312083,37.83000183105469,2.5800016784667967,-3.2500001525878908,0.6100006103515625,2,-2.6399995422363283,-3.12000228881836
2021-02-22_2021-03-19,2021-02-22,2021-03-19,37.2599983215332,37.5,4.240472547436725,39.630001068115234,3.400001678466797,1.2700006103515626,2.3700027465820312,0,3.640003356933594,0.520001068115234
2021-03-22_2021-04-16,2021-03-22,2021-04-16,38.970001220703125,39.0,3.6438284719519425,43.84000015258789,2.869998779296875,-1.9700013732910158,4.869998931884766,0,2.89999755859375,3.419998626708984
2021-04-19_2021-05-14,2021-04-19,2021-05-14,43.880001068115234,44.0,3.418413772760715,46.959999084472656,3.1199989318847656,0.15999984741210938,3.079998016357422,0,3.2399978637695312,6.659996490478515
2021-05-17_2021-06-11,2021-05-17,2021-06-11,47.900001525878906,48.0,3.4446762994538846,45.68000030517578,3.399998474121093,1.0799987792968744,-0.3600006103515625,1,0.7199981689453119,7.3799946594238275
2021-06-14_2021-07-09,2021-06-14,2021-07-09,45.150001525878906,45.0,2.768549186611942,43.90999984741211,2.6500015258789062,1.5600013732910156,-1.9399986267089844,2,-0.37999725341796875,6.999997406005859
2021-07-12_2021-08-06,2021-07-12,2021-08-06,44.15999984741211,44.0,3.283514504099288,48.77000045776367,3.0599998474121093,-1.7100006103515626,-0.5500030517578125,3,-2.260003662109375,4.739993743896484
2021-08-09_2021-09-03,2021-08-09,2021-09-03,48.650001525878906,49.0,3.1654675266162355,44.16999816894531,3.4299984741210934,-1.4000033569335941,-5.5,3,-6.900003356933594,-2.1600096130371096
2021-09-03_2021-10-01,2021-09-03,2021-10-01,44.16999816894531,44.0,2.965814023784643,47.02000045776367,2.7899981689453126,-0.23000228881835927,-2.0900001525878906,1,-2.32000244140625,-4.4800120544433595
2021-10-04_2021-10-29,2021-10-04,2021-10-29,47.02000045776367,47.0,3.6792853746439134,51.15999984741211,3.4800004577636714,-0.679999389648438,0.6800003051757812,2,9.155273432703837e-07,-4.480011138916016
2021-11-01_2021-11-26,2021-11-01,2021-11-26,51.709999084472656,52.0,3.8677239129956873,48.43000030517578,4.290000915527344,0.720001220703125,-0.3600006103515625,1,0.3600006103515625,-4.120010528564453
2021-12-27_2022-01-21,2021-12-27,2022-01-21,48.77000045776367,49.0,3.4652449951555613,53.66999816894531,3.609999542236328,-1.0599986267089845,0.9799995422363281,1,-0.07999908447265636,-4.20000961303711
2022-01-24_2022-02-18,2022-01-24,2022-02-18,53.31999969482422,53.0,3.9009752661380945,55.630001068115234,4.479999694824219,1.8499986267089845,2.3100013732910156,0,4.16,-0.04000961303710948
2022-02-18_2022-03-18,2022-02-18,2022-03-18,55.630001068115234,55.0,3.235664147832785,51.41999816894531,4.230001068115234,0.6499992370605465,4.210002899169922,0,4.860002136230468,4.819992523193359
2022-04-18_2022-05-13,2022-04-18,2022-05-13,47.16999816894531,47.0,3.370786647701817,42.63999938964844,3.349998168945313,-1.0100024414062494,-0.09000396728515625,2,-1.1000064086914056,3.7199861145019533
2022-05-16_2022-06-10,2022-05-16,2022-06-10,42.209999084472656,42.0,3.8853353128910375,40.08000183105469,3.4899990844726556,1.570000915527343,-5.349998474121094,2,-3.7799975585937506,-0.06001144409179737
2022-06-13_2022-07-08,2022-06-13,2022-07-08,38.9900016784668,39.0,4.642215752967299,40.18000030517578,3.6299983215332032,2.449998016357422,-1.1899986267089844,0,1.2599993896484376,1.1999879455566402
2022-07-11_2022-08-05,2022-07-11,2022-08-05,39.790000915527344,40.0,4.976124539940234,43.7599983215332,4.169999084472656,0.4100007629394531,1.2899971008300781,1,1.6999978637695312,2.8999858093261714
2022-08-08_2022-09-02,2022-08-08,2022-09-02,43.189998626708984,43.0,2.639499968159333,43.380001068115234,2.469998626708984,2.08999755859375,0.19000244140625,0,2.28,5.179985809326171
2022-09-02_2022-09-30,2022-09-02,2022-09-30,43.380001068115234,43.0,3.273397798608436,40.220001220703125,3.2200010681152342,0.44000228881835923,-2.759998321533203,2,-2.319996032714844,2.859989776611327
2022-10-03_2022-10-28,2022-10-03,2022-10-28,41.58000183105469,42.0,4.593554391268655,46.349998474121094,4.239998168945313,-0.11000030517578097,-0.3300018310546875,3,-0.44000213623046847,2.4199876403808585
2022-10-31_2022-11-25,2022-10-31,2022-11-25,45.9900016784668,46.0,3.1746030587417735,47.439998626708984,2.929998321533203,1.4899996948242187,0.43000030517578125,2,1.92,4.339987640380858
2022-11-28_2022-12-23,2022-11-28,2022-12-23,46.97999954223633,47.0,2.70327801697451,40.97999954223633,2.560000457763672,-3.46,5.779998779296875,1,2.319998779296875,6.659986419677733
2022-12-23_2023-01-20,2022-12-23,2023-01-20,40.97999954223633,41.0,3.5627135585866476,43.91999816894531,2.9400004577636714,0.02000228881835886,-3.5400047302246094,1,-3.5200024414062505,3.139983978271483
2023-01-23_2023-02-17,2023-01-23,2023-02-17,45.029998779296875,45.0,2.8647569064405443,47.4900016784668,2.609998779296875,0.1199971008300782,2.460002899169922,0,2.58,5.7199839782714825
2023-02-17_2023-03-17,2023-02-17,2023-03-17,47.4900016784668,47.5,2.3583911569071123,37.7599983215332,2.2499983215332033,-7.4900033569335935,6.349998474121094,1,-1.1400048828124998,4.579979095458983
2023-03-20_2023-04-14,2023-03-20,2023-04-14,37.47999954223633,37.0,4.08217721101047,39.63999938964844,3.5399995422363286,0.9000001525878911,-2.1599998474121094,0,-1.2599996948242183,3.3199794006347645
2023-04-17_2023-05-12,2023-04-17,2023-05-12,41.29999923706055,41.0,2.5423729283214676,37.4900016784668,2.399999237060547,-1.1099990844726562,2.30999755859375,1,1.1999984741210938,4.519977874755858
2023-05-15_2023-06-09,2023-05-15,2023-06-09,38.77000045776367,39.0,3.0435903690161177,42.130001068115234,2.589999542236328,-0.5400015258789064,-0.01999664306640625,1,-0.5599981689453126,3.9599797058105453
2023-06-12_2023-07-07,2023-06-12,2023-07-07,41.83000183105469,42.0,2.940473215774151,42.77000045776367,2.6299981689453125,1.8599977111816406,-0.6599998474121094,2,1.1999978637695312,5.159977569580077
2023-07-10_2023-08-04,2023-07-10,2023-08-04,42.31999969482422,42.0,2.859168262583859,44.849998474121094,2.7399996948242187,-0.10999877929687507,2.529998779296875,0,2.42,7.579977569580077
2023-08-07_2023-09-01,2023-08-07,2023-09-01,45.060001373291016,45.0,2.1304926115005247,41.650001525878906,1.9800013732910156,-1.3699971008300782,2.2499961853027344,1,0.8799990844726562,8.459976654052733
2023-09-01_2023-09-29,2023-09-01,2023-09-29,41.650001525878906,42.0,2.521008311002319,40.86000061035156,2.449998474121094,1.3099990844726563,-1.8300018310546875,2,-0.5200027465820312,7.939973907470701
2023-10-02_2023-10-27,2023-10-02,2023-10-27,39.61000061035156,40.0,3.8879070342592748,38.7599983215332,3.4699993896484376,2.2299977111816407,-2.109996795654297,2,0.12000091552734382,8.059974822998045
2023-10-30_2023-11-24,2023-10-30,2023-11-24,39.43000030517578,39.0,2.637585574310747,42.91999816894531,2.5100003051757813,-1.4099978637695312,1.3300018310546875,1,-0.07999603271484368,7.979978790283202
2023-11-27_2023-12-22,2023-11-27,2023-12-22,43.02000045776367,43.0,1.6736401495552844,49.18000030517578,1.4600004577636718,-4.71999984741211,6.159999847412109,0,1.4399999999999995,9.419978790283201
2023-12-22_2024-01-19,2023-12-22,2024-01-19,49.18000030517578,49.0,2.46034972039774,48.119998931884766,2.600000305175781,1.7199992370605468,-1.0600013732910156,0,0.6599978637695312,10.079976654052732
2024-01-22_2024-02-16,2024-01-22,2024-02-16,48.529998779296875,48.5,2.3902741174081,51.90999984741211,2.349998779296875,-1.0600010681152345,-5.939990997314453,4,-6.999992065429687,3.079984588623045
2024-02-16_2024-03-15,2024-02-16,2024-03-15,51.90999984741211,52.5,3.2363706510081096,57.5099983215332,3.95000015258789,-1.059998168945313,5.599998474121094,0,4.540000305175781,7.619984893798826
2024-03-18_2024-04-12,2024-03-18,2024-04-12,57.77000045776367,58.0,3.063873958758349,56.470001220703125,3.769999542236328,2.240000762939453,-1.2999992370605469,0,0.9400015258789063,8.559986419677731
2024-04-15_2024-05-10,2024-04-15,2024-05-10,56.970001220703125,57.0,2.77338944382157,61.88999938964844,3.189998779296875,-1.7000006103515624,4.9199981689453125,0,3.21999755859375,11.779983978271481
2024-05-13_2024-06-07,2024-05-13,2024-06-07,61.2599983215332,61.0,1.5017956663518472,58.36000061035156,2.099998321533203,-0.5400010681152345,-2.1199989318847656,1,-2.66,9.119983978271481
2024-06-10_2024-07-05,2024-06-10,2024-07-05,57.93000030517578,58.0,2.347660957768872,59.619998931884766,2.789999694824219,1.1700007629394533,-3.3100013732910156,3,-2.1400006103515623,6.979983367919919
2024-07-08_2024-08-02,2024-07-08,2024-08-02,59.0099983215332,59.0,2.677512362211754,53.2599983215332,3.1699983215332033,-2.5700033569335936,-5.909996032714844,3,-8.479999389648437,-1.5000160217285181
2024-08-05_2024-08-30,2024-08-05,2024-08-30,52.119998931884766,52.0,4.1634690032053845,58.470001220703125,4.4599989318847655,-2.0100022888183595,-2.8100013732910156,1,-4.820003662109375,-6.320019683837893
2024-08-30_2024-09-27,2024-08-30,2024-09-27,58.470001220703125,58.0,1.8471010389129123,55.900001525878906,2.630001220703125,0.5300027465820314,-0.6500015258789062,1,-0.11999877929687486,-6.440018463134768
2024-09-30_2024-10-25,2024-09-30,2024-10-25,56.4900016784668,56.0,3.2041068263765813,64.52999877929688,4.110001678466797,-4.419997100830078,4.079998016357422,2,-0.33999908447265614,-6.780017547607424
2024-10-28_2024-11-22,2024-10-28,2024-11-22,65.61000061035156,66.0,3.7951531425639744,75.95999908447266,5.369999389648438,-4.589999694824218,10.349998474121094,0,5.759998779296875,-1.0200187683105488
2024-11-25_2024-12-20,2024-11-25,2024-12-20,76.9000015258789,77.0,2.5877762815522334,70.33999633789062,4.079998474121094,-2.580005187988281,-9.719993591308594,1,-12.299998779296875,-13.320017547607424
2024-12-23_2025-01-17,2024-12-23,2025-01-17,70.54000091552734,71.0,4.182024329050785,77.08000183105469,6.359999084472657,0.2799972534179691,-5.439994812011719,2,-5.15999755859375,-18.480015106201172
2025-01-17_2025-02-14,2025-01-17,2025-02-14,77.08000183105469,77.0,2.8671509438257634,79.9800033569336,4.500001831054687,1.5199984741210937,2.9000015258789062,0,4.42,-14.060015106201172
2025-02-14_2025-03-14,2025-02-14,2025-03-14,79.9800033569336,80.0,2.4756188008191056,70.8499984741211,3.979996643066406,-5.1700048828125,1.1699981689453125,1,-4.0000067138671875,-18.06002182006836
2025-03-17_2025-04-11,2025-03-17,2025-04-11,70.83999633789062,71.0,3.7831735439637963,62.5099983215332,5.520003662109375,-2.9699980163574216,1.1500053405761719,2,-1.8199926757812497,-19.88001449584961
2025-04-14_2025-05-09,2025-04-14,2025-05-09,63.099998474121094,63.0,4.992076190448554,72.44999694824219,6.399998474121094,-3.049998474121094,-0.33000946044921875,1,-3.3800079345703127,-23.260022430419923
2025-05-12_2025-06-06,2025-05-12,2025-06-06,74.87999725341797,75.0,1.856303486892225,76.33000183105469,2.900002746582031,1.5700009155273436,-3.4699935913085938,2,-1.8999926757812502,-25.160015106201172
2025-07-07_2025-08-01,2025-07-07,2025-08-01,82.33999633789062,82.0,3.1697839641498122,77.77999877929688,5.559996337890625,1.3399951171874998,1.1399993896484375,1,2.4799945068359373,-22.680020599365236
2025-08-04_2025-08-29,2025-08-04,2025-08-29,77.58000183105469,78.0,2.8615621907749826,82.18000030517578,4.859998168945313,0.6799978637695316,1.5600051879882812,1,2.240003051757813,-20.44001754760742
2025-08-29_2025-09-26,2025-08-29,2025-09-26,82.18000030517578,82.0,2.4701873843533537,85.01000213623047,4.240000305175781,1.229998168945312,-4.2100067138671875,2,-2.9800085449218754,-23.420026092529298
2025-09-29_2025-10-24,2025-09-29,2025-10-24,84.6500015258789,85.0,3.5203779637132846,86.41000366210938,6.309998474121094,4.899994812011719,-9.419990539550781,2,-4.5199957275390625,-27.94002182006836
2025-10-27_2025-11-21,2025-10-27,2025-11-21,87.01000213623047,87.0,3.08010565935162,83.11000061035156,5.370002136230469,1.4800027465820316,1.9599990844726562,1,3.440001831054688,-24.500019989013673
2025-11-24_2025-12-19,2025-11-24,2025-12-19,84.66000366210938,85.0,2.91755243699036,93.01000213623047,5.279996337890625,-2.7300057983398434,7.470008850097656,1,4.740003051757813,-19.76001693725586
2025-12-22_2026-01-16,2025-12-22,2026-01-16,94.27999877929688,94.0,2.55621556131078,88.37999725341797,5.099998779296875,-0.520003967285156,-4.159996032714844,1,-4.68,-24.44001693725586
2026-01-16_2026-02-13,2026-01-16,2026-02-13,88.37999725341797,88.0,2.6363431459711784,86.9800033569336,5.039997253417969,4.020000610351563,-7.3000030517578125,2,-3.28000244140625,-27.72001937866211
2026-02-13_2026-03-13,2026-02-13,2026-03-13,86.9800033569336,87.0,3.6790065262108462,74.0999984741211,6.419996643066407,-6.4800048828125,12.8800048828125,0,6.4,-21.32001937866211
